,title,posted on,close date,description
0, , , , 
0,Business Development Manager,18/01/2023,17/02/2023,Live chat agent is an international organization providing chat solutions to the Australian Automotive Industry.
0,Associate - Sourcing & Proposal,18/01/2023,21/01/2023,"-       Receiving, Reviewing, Filtering and Proposing Products and Services related Request for Proposals / Quotations (RFP/RFQ) from Customers"
0,Senior QA Engineer,18/01/2023,31/01/2023,Preferred skills
0,SDET_L2(Automation Engineer),18/01/2023,18/02/2023,We are looking for SDET - L2 (Automation Engieers)
0,Automation Test Architect,18/01/2023,18/02/2023,We are looking for Automation Architects
0,Business Development Executive,18/01/2023,27/01/2023,Preferred skills
0, Walk in for Business Analyst,18/01/2023,21/01/2023,Time: 
0, Walk in for Project lead,18/01/2023,21/01/2023,Time: 
0, Walk in for Front End Developer Angular,18/01/2023,21/01/2023,Time: 
0, Walk in for Front End UI Developer,18/01/2023,21/01/2023,Time: 
0, Walk in for Angular Developer,18/01/2023,21/01/2023,Time: 
0, Walk in for Full Stack Developer Dot Net,18/01/2023,21/01/2023,Time: 
0,Financial Analyst,18/01/2023,18/02/2023, 
0,Senior Presales Engineer,18/01/2023,25/01/2023,Preferred skills
0,Senior QA Engineer,18/01/2023,31/01/2023,"Senior QA Engineer_4+Yrs_Urgent

Should have strong experience in Selenium, Java, API Automation"
0,Principal Software Engineer_4+Yrs+Urgent,18/01/2023,31/01/2023,Preferred skills
0,Senior Java Developer,18/01/2023,31/01/2023,Senior Java Developer_3+Yrs_Urgent
0,Business Analyst in Healthcare (Fresher),17/01/2023,20/02/2023,Preferred skills
0,Business Analyst in Healthcare (Fresher),17/01/2023,20/02/2023, 
0,Business Analyst,17/01/2023,20/02/2023,Preferred skills
0,PHP Developer,17/01/2023,31/01/2023,"Expert knowledge of Core PHP
Strong knowledge of Laravel Framework
Knowledge of HTML5, CSS3,Bootstrap
Knowledge of Java Script, JQuery, JSON,Angular JS
Strong knowledge of the common PHP or web server exploits and their solutions
Ability to develop modules in adherence to a given architecture
Experience with source control systems such as GIT
Knowledge of working with rest API.
Strong knowledge of the Relational database mysql"
0,Business Analyst,17/01/2023,31/01/2023,Facilitation skills to bring multiple groups together to scope project and get consensus
0,Quality Analyst,17/01/2023,24/02/2023,Job description
0,Business Analyst,17/01/2023,31/01/2023,"Business Analyst_ 3-5 Yrs_Mumbai

Should be aware of Pharma related processes and standards, relevant experience in pharma domain.
Should be aware of Automation anywhere/Jiffy/Qlik platforms, relevant experience in similar tools.
Should be aware of Agile Methodology, relevant experience is preferred.
Should be aware of integration methodology for Qlik/BI Tools & Automation requirements across multiple source systems – e.g. SAP, SharePoint, Azure, Data Lake etc.
Facilitate business engagement and understand business context of automation.
Communicating and collaborating with internal and external team to analyze informational needs and functional requirements, delivering use cases, GUI, screen and interface design.
Transform data into business intelligence by generating relevant information and recommendations for improving organization performance
Understand and gather business requirements and translate to the development team (RPA and BI Tools)
Define user acceptance & testing strategies
Manage stake holders and project deliverables.
Creating and maintaining functional design documentation – Wireframe/Mock-ups/BRD/User manuals/Benefit trackers/PDD "
0,RPA Support,17/01/2023,31/01/2023,Preferred skills
0,Business Development Executive,17/01/2023,31/01/2023,"We are looking for a Business Development Executive to get prospective customers eager about our offerings, schedule appointments and product demos. You will be helping the company build a strong pipeline of qualified opportunities, and thereafter close deals! In those lines, here's what you will do:

Responsibilities
 "
0, Walk in for Customer Support Executive - Non voice (Night shift),17/01/2023,20/01/2023,Time: 
0,Adwords Specialist,17/01/2023,31/01/2023, 
0,Assistant Librarian (AL/012023/889),17/01/2023,31/01/2023,
0,Social Media Executive/Analyst (SME/012023/26),17/01/2023,30/01/2023,"Kerala University of Digital Sciences, Innovation and Technology invites applications from qualified Indian citizens for the following position on a contract basis for a period of one year under the Kerala Block Chain Academy. Qualified candidates are requested to apply for the position online through its Recruitment Portal. The guidelines for submission of applications are available in the portal."
0,Graphic Designer,17/01/2023,17/02/2023,Preferred skills
0,Client Relationship Executive,17/01/2023,15/02/2023,Kogland Commerce Pvt Ltd:
0,Odoo Functional consultant,17/01/2023,23/02/2023, Roles and Responsibilities
0,Infrastructure Engineer Trainee / Network Engineer Trainee,17/01/2023,22/01/2023,"Kvaliteta System and Solutions is an Information Technology solutions and Services company with head-office in Technopark, Thiruvananthapuram and with offices in UAE, Singapore, Kenya, Ethiopia, Rwanda. We offer comprehensive Digital Transformation Solutions, Private Cloud, Infrastructure, Security, Software Development as a Services for domestic and international clients."
0,TL PHP Laravel,17/01/2023,17/02/2023,PHP Laravel Lead
0,Senior Technical Lead,17/01/2023,23/01/2023,Preferred skills
0,Digital Marketing Executive,17/01/2023,27/01/2023,Preferred skills
0,Project Coordinator,17/01/2023,23/01/2023,"Work Location - Revyrie Global, Tejaswini, Technopark, Trivandrum"
0,Team Lead/Senior NodeJS,17/01/2023,17/02/2023,Brief description :
0,Senior iOS Developer,17/01/2023,31/01/2023,Preferred skills
0,Digital Marketing,17/01/2023,22/01/2023,"Kvaliteta System and Solutions is an ITES company with headquarters in Trivandrum, India. We focused on building digital software solutions and products for large Enterprises. Our services include Enterprise Software Development, Public/Private Cloud and Network Security.

We are looking for a digital marketer to develop, implement, track, and optimise our digital marketing campaigns across all digital platforms as part of our ambitious growth plan.

Job Title – Digital Marketing

Job Location – Technopark, Thiruvananthapuram"
0,IT Recruiter,17/01/2023,22/01/2023,"Kvaliteta System and Solutions is an ITES company with headquarters in Trivandrum, India. We focused on building digital software solutions and products for large Enterprises. Our services include Enterprise Software Development, Public/Private Cloud and Network Security.

We are looking for a talented IT recruiter to join our team and manage the hiring process end to end. You will be responsible for attracting candidates, evaluating resumes, scheduling and conducting interviews, and managing the hiring process.

Job Title – IT Recruiter

Job Location – Technopark, Thiruvananthapuram"
0,Business Analyst,17/01/2023,23/01/2023,"Work Location - Revyrie Global, Tejaswini, Technopark, Trivandrum"
0,Business Analyst Fresher,17/01/2023,22/01/2023,"Kvaliteta System and Solutions is an Information Technology solutions and Services company with head-office in Technopark, Thiruvananthapuram and with offices in UAE, Singapore, Kenya, Ethiopia, Rwanda and Kenya. We offers comprehensive Digital Transformation Solutions, Private Cloud, Infrastructure, Security, Software Development as a Services and many more solutions built on a solid foundation on technology and software development.  

As part of our ambitious growth plan, we invites applications for a Business Analyst who is highly motivated individual should have excellent interpersonal skills, have strong written and verbal communication skills.  Be able to work well in a team and be individually independent.  The person should have effective time management skills and analytical and problem-solving skills.

Job Title – Business Analyst  

Work Location – Technopark, Thiruvananthapuram"
0,Senior Business Analyst,17/01/2023,22/01/2023,"Kvaliteta System and Solutions is an Information Technology solutions and Services company with head-office in Technopark, Thiruvananthapuram and with offices in UAE, Singapore, Kenya, Ethiopia, Rwanda and Kenya. We offer comprehensive Digital Transformation Solutions, Private Cloud, Infrastructure, Security, Software Development as a Services and many more solutions built on a solid foundation on technology and software development. We actively engaged in outsource opportunities from Leading MNC companies in Singapore & Africa.  

As part of our ambitious growth plan, we invite applications for a Business Analyst who is responsible for developing new business strategies and models, communicating to management how these strategies and models will enhance business efficiency, and creating monthly reports on the performance of the business.

Opportunity for IT Experienced Professionals to join a Leading IT Company @Africa"
0,Trained Java Developer - Fresher,17/01/2023,22/01/2023,"Kvaliteta System and Solutions is an Information Technology solutions and Services company with head-office in Technopark, Thiruvananthapuram and with offices in UAE, Singapore, Kenya, Ethiopia, Rwanda and Kenya. We offers comprehensive Digital Transformation Solutions, Private Cloud, Infrastructure, Security, Software Development as a Services and many more solutions built on a solid foundation on technology and software development.  

We are looking for enthusiastic and motivated “Fresher - Software Developers” to be part of team and should be very clear with the programming fundamentals from the academics and be able to write logic in any programming language (Java)

Job Title – Software Developer  

Work Location – Technopark, Thiruvananthapuram"
0,IT Sales Manager,17/01/2023,22/01/2023,"Kvaliteta System and Solutions is an Information Technology solutions and Services company with head-office in Technopark, Thiruvananthapuram and with offices in UAE, Singapore, Kenya, Ethiopia, Rwanda and Kenya. We offers comprehensive Digital Transformation Solutions, Private Cloud, Infrastructure, Security, Software Development as a Services and many more solutions built on a solid foundation on technology and software development. We actively engaged in outsource opportunities from Leading MNC companies in Singapore & Africa."
0,PHP Developer,16/01/2023,31/01/2023,job description
0,React Js Developer,16/01/2023,31/01/2023,Responsibilities
0,Office Administrator,16/01/2023,31/01/2023,"Responsibilities-
 "
0,Software Engineer - Database Technologies,16/01/2023,20/01/2023,Software Engineer - Database Technologies
0,Office Assistant Cum Driver,16/01/2023,23/01/2023,Preferred skills
0,Junior Network Engineer,16/01/2023,15/02/2023,"We are looking for Junior Security Engineer for E-Team Informatica India Pvt. Ltd Technopark Trivandrum . Requirements 2-3 Years of working experience.  Hands on experience with Cisco Security Solutions Implementation Support and FortiGate firewall . Good knowledge and Hands on experience on Security Solutions (IPS, NGFW)"
0,Senior .NET Developer,16/01/2023,20/01/2023,We are looking for 10+ years of experienced .NET Developer.
0,Marketing Manager,16/01/2023,17/02/2023,Preferred skills
0,Business Analyst - Lead,16/01/2023,15/02/2023,Responsibilities :
0,Business Development Executive,16/01/2023,25/01/2023,Preferred skills
0,Senior PHP Developer,16/01/2023,31/01/2023,Preferred skills
0,Junior PHP Developer,16/01/2023,16/02/2023,     HTML/ CSS/ JS / jQuery / Bootstrap (Should have proficiency).
0,Senior PHP Developer,16/01/2023,16/02/2023,Preferred skills
0,FullStack Architect,16/01/2023,16/02/2023,Responsibilities
0,React JS Developer,16/01/2023,16/02/2023,Preferred skills
0,ROR Developer,16/01/2023,15/02/2023,ROR developer
0,Senior Business Analyst,16/01/2023,02/02/2023,Preferred skills
0,Node JS Developer,16/01/2023,25/01/2023,Responsibilities:
0,Business Analyst - Lead,16/01/2023,23/01/2023,Preferred skills
0,Project Manager,16/01/2023,31/01/2023,"For more details, kindly click the link below:
https://alokin.in/careers/project-manager/"
0,Creative executive - Motion Graphics designer,16/01/2023,24/02/2023,Roles and Responsibilities 
0,Sr. Java Developer,16/01/2023,23/02/2023,Minimum 4+Yrs Exp in Java.
0,Software Engineer :PHP,16/01/2023,22/02/2023,"At Fingent, we believe that what we build touches lives around us. We use technology to create a better and smarter environment. We nurture thought leaders and encourage them to be the seeds of change through smart software development and consulting services. Our commitment to quality and integrity helps us to use technology and create a better and smarter future."
0,Team Lead :PHP,16/01/2023,22/02/2023,"At Fingent, we believe that business software should be beautiful, usable and compelling. We are helping to bring a new level of quality to people who have not had access to well-designed software at work before.
We are looking for a PHP Team Lead  who can be an integral part of a multicultural team, developing a top-notch enterprise app while working from our Kochi (Kerala, India) development Centre. This is an opportunity to work as a part of a very talented international team, with opportunities to learn, grow and enhance your skill set."
0,React Native,16/01/2023,31/01/2023,"We are looking for an excellent JavaScript Developer who is highly proficient with React Native. The core focus of the selected candidate would be on developing highly-responsive user interface components, implementing and executing those following well-known React JS workflows such as Flux or Redux. You should ensure that these components and the overall application are robust and easy to maintain. The successful candidate will work based on the latest technologies. Those with a great attitude and desire to succeed are welcome to apply for this position."
0,React JS,16/01/2023,31/01/2023,"We are looking for an excellent JavaScript Developer who is highly proficient with React JS. The core focus of the selected candidate would be on developing highly-responsive user interface components, implementing and executing those following well-known React JS workflows such as Flux or Redux. You should ensure that these components and the overall application are robust and easy to maintain. The successful candidate will work based on the latest technologies. Those with a great attitude and desire to succeed are welcome to apply for this position."
0,Toon Boom Harmony Animators,16/01/2023,24/02/2023,Lumicel Animation Studios is hiring talented and experienced 2D Toon Boom Harmony Animators (Multiple Positions) for animating onging international television series.
0,HR Recruiter,16/01/2023,31/01/2023,Preferred skills
0,Sr Data Engineer,16/01/2023,23/01/2023,Years of Experience: 5+ Years
0,Service Desk Administrator - IT Services,15/01/2023,31/01/2023,The service desk admin is responsible for overseeing the day-to-day activities of IT service-desk operations to ensure users and business teams receive the support they require.
0,iOS DEVELOPER,14/01/2023,28/01/2023,"We are looking for an iOS developer responsible for developing and maintaining applications aimed at a range of iOS devices including mobile phones and tablet computers. Your primary focus will be the development of iOS applications and their integration with back-end services. You will work alongside other engineers and developers on different layers of the infrastructure. Therefore, a commitment to collaborative problem-solving, sophisticated design and the creation of quality products is essential."
0,PHP LARAVEL DEVELOPER,14/01/2023,28/01/2023,We are looking for candidates with 1-3 years experience as Laravel developer (Immediate Joining).
0,Technical Lead/Scrum Lead,14/01/2023,20/02/2023,
0,DevOps & Cloud Monitoring,14/01/2023,22/02/2023,
0,UI/UX Developer,,14/01/2023,Contact email:
0,Senior Software Engineer Java,14/01/2023,22/02/2023,4+years of experince in Java Spring boot etc.
0,Software Engineer-Java,14/01/2023,22/02/2023,"Must-have: Spring Boot, Spring cloud concepts, Swagger (for document auto generation), Open API specifications,"
0,Software Engineer-React.js,14/01/2023,20/02/2023,Minimum 1-4 years of experience in front end and minumum 1 year React.js
0,Senior Software Engineer-React.js (Front End),14/01/2023,20/02/2023,Minimum 4 years of experience in front end and minumum 1 year React.js
0,Software Engineer/Senior Software Engineer - Flutter,14/01/2023,20/01/2023,What’s important to us:
0,PHP/Python Developer,14/01/2023,20/01/2023,What’s important to us:
0,Team Lead - Python,14/01/2023,20/01/2023,About Techversant
0,Software Engineer/ Senior Software Engineer - Python,14/01/2023,20/01/2023,About Techversant 
0,Software Engineer/Senior Software Engineer - GoLang,14/01/2023,20/01/2023,About Techversant 
0,SE/SSE/Team Lead-Coldfusion,14/01/2023,20/01/2023,About Techversant 
0,Customer Service Representative,14/01/2023,13/02/2023, 
0,Team Lead-React,13/01/2023,21/01/2023,About Techversant 
0,Software Engineer/ Senior Software Engineer - React Js,13/01/2023,21/01/2023,About Techversant 
0,Team Lead - Node,13/01/2023,21/01/2023,About Techversant 
0,Software Engineer/ Senior Software Engineer - Node,13/01/2023,21/01/2023,About Techversant 
0,Software Engineer/Senior Software Engineer - Java,13/01/2023,21/01/2023,"About Techversant,"
0,Digital Marketing Executive,13/01/2023,20/01/2023,Job Description
0,Solution Architect,13/01/2023,20/01/2023,About Techversant 
0,Data Engineer,13/01/2023,20/01/2023,"About Techversant Infotech,"
0,Team Lead-Golang,13/01/2023,20/01/2023,"About Techversant Infotech ""We are a global software solutions firm providing the full life cycle of capabilities from strategy through development, testing, maintenance and outsourcing. Techversant, offers expertize and consultation in multiple technology domains like - ColdFusion, Python, Ruby on Rails, Javascript, Node.JS, Moodle, Odoo, Blockchain, Artificial intelligence and PHP.   "
0,Associate Software Engineer-Freshers,13/01/2023,20/01/2023,About Techversant Infotech
0,Software Engineer/Senior Software Engineer - .Net,13/01/2023,20/01/2023,About Techversant
0,Senior Software Engineer/Software Engineer-Angular,13/01/2023,20/01/2023,About Techversant 
0,Software Engineer/ Senior Software Engineer - Odoo,13/01/2023,20/01/2023,About Techversant Infotech
0,Team Lead .Net,13/01/2023,20/01/2023,About Techversant Infotech
0,Team Lead  - Java,13/01/2023,20/01/2023,"About Techversant Infotech,"
0,AI/ML Architect,13/01/2023,20/01/2023,"About Techversant Infotech,"
0,HR Manager,13/01/2023,23/01/2023,"We are looking for an experienced HR professional with at least four years of experience managing end-to-end HR operations. This role's objective is to enhance the organization's human resources by developing, implementing, and overseeing human resource policies, programmes, and procedures."
0,AI/ML Engineer,13/01/2023,20/01/2023,"About Techversant Infotech,"
0,Senior Data Science Engineer,13/01/2023,20/01/2023,"About Techversant Infotech,"
0,Associate - Business Development,13/01/2023,21/01/2023,About Techversant 
0," Walk in for Virtual Recruitment drive | .NET , Java",13/01/2023,16/01/2023,Time: 
0,Team Lead- React JS,13/01/2023,31/01/2023,"At Fingent, we believe that business software should be beautiful, usable and compelling. We are helping to bring a new level of quality to people who have not had access to well-designed software at work before.
We are looking for React JS Developers who can be an integral part of a multicultural team, developing a top-notch enterprise app while working from our Kochi (Kerala, India) development centre. This is an opportunity to work as a part of a very talented international team, with opportunities to learn, grow and enhance your skill set.

Skill Sets :

Project working experience with ReactJS technology
Strong proficiency in Javascript, Typescript, new ES6 features
Thorough understanding of React.js and its core principles
Good knowledge of Restful API
Experiences with modern front-end build pipeline tools
Ability to understand business requirements and translate them into technical requirements
Proficiency in version control systems and good development practices
Excellent communication skills, both written and verbal
Experience with a testing framework (Jest/Enzyme) will be an added advantage

Roles & Responsibilities :

Responsible for developing new user-facing features using ReactJS
Responsible to build a reusable component
Responsible to translate design and wireframes into high-quality code
Responsible for git process and review the code before the merge
Responsible for OWASP security implementation
Responsible for the Deployment process
Responsible for the managing project team
Responsible for front end related architecture

More Information
Experience: 5 - 8 years"
0,Team Lead- Angular,13/01/2023,31/01/2023,"At Fingent, we believe that business software should be beautiful, usable and compelling. We are helping to bring a new level of quality to people who have not had access to well-designed software at work before.
We are looking for Angular Developers who can be an integral part of a multicultural team, developing a top-notch enterprise app while working from our Kochi (Kerala, India) development centre. This is an opportunity to work as a part of a very talented international team, with opportunities to learn, grow and enhance your skill set.

Skill Sets :
 "
0,Java Developer,15/01/2023,30/01/2023,We are looking for a Java Server Developer with prior experience in the development of cloud-based web and mobile applications. You will primarily be responsible for the development of high-performance multi-tiered and clustered web applications for our digital health SaaS platform.
0,Senior Software Engineer - Java Development,13/01/2023,19/01/2023,"This position is for a Full Stack Developer responsible for developing Java based backend and React based frontend for a long term project being done for a North American client. The job location is Trivandrum, India. He/ she will be working along with the existing project team for technical and management aspects. Work involves requirement elicitation, software architecture designing, implementation and code reviews. He/ she will be responsible for taking each assigned task to completion ensuring the quality of deliverables. Should have self-initiatives, decision making and self-directing capabilities to work with minimal supervision and a “go-getter” attitude."
0,Technical Lead - Odoo,13/01/2023,31/01/2023,Experience : 8+ years
0,IT Manager,13/01/2023,19/01/2023,"At Trenser we rely on our IT systems to power the solutions that help consumers around the world. We’re seeking an experienced IT manager who can join us on this journey, using his or her technological skills to make us more efficient. In this role, you will analyze our current systems and assets, recommend, and implement solutions and upgrades, and provide training. Our ideal candidate has extensive knowledge of network maintenance, experience managing staff, and advanced industry knowledge to keep us on the cutting edge. From day one, you’ll have an immediate impact on the day-to-day efficiency of our IT operations, and an ongoing impact on our overall growth. Should have self-initiatives, decision making and self-directing capabilities to work with minimal supervision and a “go-getter” attitude."
0,Mobile - Technical Lead,13/01/2023,31/01/2023,Experience : 7+ Years
0,Senior Quality Automation Engineer,13/01/2023,20/01/2023,We are looking for 5+ years of experienced Senior Quality Automation Engineer
0,Operations Executive,13/01/2023,19/01/2023,Responsibilities
0,Full Stack Developer (Strong Front End/ VueJs),13/01/2023,20/01/2023,We are looking for a 5+ years of experienced Full stack developer 
0,Senior Software Quality Assurance Analyst,13/01/2023,20/01/2023,We are looking for 7+ Years experienced Software Quality Assurance Analyst
0,Customer Relations Executive,13/01/2023,19/01/2023,Responsibilities
0,Senior Frontend React Developer,13/01/2023,20/01/2023,We are looking for 7+ Years experienced React Frontend Developer 
0,QC Engineer (Mechanical),13/01/2023,19/01/2023,Responsibilities
0,Senior Python Developer,13/01/2023,20/01/2023,We are looking for 8+ years of experienced Python Developer
0,QC Engineer (Electrical),13/01/2023,19/01/2023,Responsibilities
0,HR Executive,13/01/2023,19/01/2023,"HR Executive (2- 3 Years)

We are looking for a personable and highly motivated HR Recruiter to support the HR Team in Recruitment and related activities. If you’re ready to build an experience with recruiting, employee development, and the coordination of HR activities, this is the best choice for you."
0,Data Enty Specialist,13/01/2023,22/01/2023,"We’re on the lookout for someone who is a team player and is all into Data entry & documentation in a proficient, and proactive manner. This role not only provides a good platform to learn support processes but also improves multitasking skills by handling email queries from clients, navigating emails, and data processing simultaneously. If this sounds interesting, then you are the right candidate we are looking for."
0,Technical Lead Java,13/01/2023,19/01/2023,Responsibilities:
0,Business Analyst,13/01/2023,19/01/2023,"Polus is looking for experienced, passionate and self-driven candidates to join our team with full dedication and cooperation."
0,Linux Administrator,13/01/2023,19/01/2023,"Linux administrator who will be responsible for designing, implementing, and monitoring the infrastructure; also, to collaborate with other team members to develop automation strategies and deployment processes. "
0,Senior PHP Developer,13/01/2023,19/01/2023,"Polus is looking for experienced, passionate and self-driven candidates to join our team with full dedication and cooperation."
0,Software Engineer- Java Developer,13/01/2023,19/01/2023,"Java Developers are the visionaries behind information solutions. Likewise Polus needs experienced, passionate and self-driven candidates to join our team with full dedication and cooperation."
0,Test Manager,13/01/2023,10/02/2023,Preferred skills
0,Developer Node.js,13/01/2023,27/01/2023,We are looking for Node JS developers to full fill design and development needs of our on-going project. Candidate must have good skills in developing web applications with NodeJS & Mongo DB and hands-on experience in MVC design patterns and frameworks (SailsJs and  ExpressJs preferred).
0,Marketing Manager (Male),13/01/2023,31/01/2023,"We are seeking an innovative marketing manager (Male) to promote our company's brand and services. In this role, you will be optimizing our marketing strategies, managing the marketing department's budget and staff, as well as preparing forecasts."
0,HR Recruiter,13/01/2023,20/01/2023,Job Description: 
0,Field Executives,13/01/2023,31/01/2023,We are looking for Field Executives (Male).
0,Accountant cum P.A,13/01/2023,31/01/2023, We are Hiring an Accountant (Female).
0,PHP Developer,13/01/2023,15/02/2023,"We are looking for  talented and adaptive PHP Developers with 1 – 3 years of experience to help us continuously innovate and develop our products and services. Those who are interested to take-up challenges and interested to learn new technologies, please go through our job requirement below."
0,Web Developer-WordPress,13/01/2023,15/02/2023,We are looking for a WordPress developer with 1-3 years of Experience We’re looking for someone who is comfortable with a fast-moving environment and can learn quickly.
0,Relationship Executive,13/01/2023,31/01/2023,We are looking for Relationship Executive (Female). 
0,Incident Manager,13/01/2023,31/01/2023,"
• Handling the escalation for all IT related issues (Incident/ Problem/Change). 
• Point of contact for all Major Incidents 
• Monitor the incidents to ensure that the Service Level Agreement are respected 
• Responsible for communicating with the Incident Process Owner 
• Ensure the closure of all resolved and end-user confirmed Incident records 
• Producing management information and reports 
• Ensuring that all IT teams follow the incident management process for every incident 
• Identifying, analyzing, and initiating the escalation process in an organization based on the escalation criteria specified by the organization 
• Ensure customer is heard throughout the escalation process. 
• Facilitate and report on daily and/or weekly stand-ups to ensure appropriate visibility of key customer issues including escalation status reporting, statistics, trending analysis, issue status activities, and resources 
• Worked on global escalations and managed the escalation mailbox in the shift. 
• Identifying, analyzing and initiating the escalation process based on the escalation criteria specified. 
• Linking the escalation task with incident problem records, identifying suitable service provider contacts, and finding the appropriate customer management services qualified for the task. 
• Initiating hierarchical escalation process as per the incident management process, including senior authorities and asking for their support, if the need arises 
• Updating and maintaining escalation process records at each stage, updating the same in management data, and reviewing and adjusting the escalation process accordingly 
• Worked on bouncing tickets to reduce the count of bounced incidents. 
• Providing contact details of Service Desk to the user so that they proceed accordingly as per their issues. 
• Several bouncing tickets are closed with our intervention."
0,Visa Administrator,13/01/2023,31/01/2023,We are looking for experienced professionals for our Visa processing for different countries with a minimum of 2 years’ experience in a similar field.
0,"Teachers / Subject Matter Expert in CBSE/ICSE Physics, Chemistry & Mathematics",12/01/2023,23/01/2023,Preferred skills
0,Ruby On Rails - Lead Software Engineer,12/01/2023,31/01/2023,Preferred skills
0,Senior Magento Developer,12/01/2023,31/01/2023,Preferred skills
0,Magento Developer - Software Engineer,12/01/2023,31/01/2023, 
0,Travel Consultant,12/01/2023,31/01/2023,Person who Completed  IATA and fluent in English
0,UI Developer,12/01/2023,20/01/2023,We are looking for a UI developer who has the ability to multitask and handle projects individually.
0,Python Developer,12/01/2023,31/01/2023,NP : immediate / 30 days
0,PHP Developer - CakePHP,12/01/2023,31/01/2023,Experience :- 4 to 9 years
0,Microsoft Power Platform Developer,12/01/2023,27/01/2023,"Microsoft Power Platform Developer_3 Yrs_Urgent

PRIMARY Skills"
0,Python,12/01/2023,31/01/2023,"Python (12th January 2023)

Roles & Responsibilities & Key skills"
0,Automation Tester,12/01/2023,12/02/2023,Preferred skills
0,Senior Software Tester,12/01/2023,31/01/2023,Experience: 5 + years
0,Finance Executive,12/01/2023,31/01/2023,We are looking for Finance Executive at ARS Traffic and Transport Technology.
0,Java Developer,12/01/2023,31/01/2023,Position: 2
0,Sales Process Associate (Voice-US),11/01/2023,11/02/2023,About FAYA
0,PHP Developer,11/01/2023,31/01/2023,Duties and Responsibilities 
0,Business Development Executive,11/01/2023,18/01/2023,Preferred skills
0,BUSINESS DEVELOPMENT EXECUTIVE,11/01/2023,27/01/2023,"We are looking for smart and energetic candidates who can join us immediately, for the position of Business Development Executive"
0,Senior Sales Development Representative,11/01/2023,31/01/2023,Preferred skills
0,Scrum Master,11/01/2023,31/01/2023,Roles & Responsibilities:
0,Marketing Manager,11/01/2023,27/01/2023,Preferred skills
0,Marketing Analyst,11/01/2023,27/01/2023,Preferred skills
0,Graphic Designer,11/01/2023,27/01/2023,Preferred skills
0,Content Writer,11/01/2023,27/01/2023,Preferred skills
0,Business Development Executive-Refinery project experience,11/01/2023,27/01/2023,We are looking for Business Development Executive who have experience in Refinery projects for Pan India.
0,Bio Medical Sales Engineer,11/01/2023,27/01/2023,Preferred skills
0,Business Development Associate Fresher,11/01/2023,27/01/2023,Preferred skills
0,.NET Developer,11/01/2023,31/01/2023,Experience : 2+ years
0,Azure with .Net Core,11/01/2023,31/01/2023,Experience: 1 to 3 years
0,Lead Test Engineer,11/01/2023,31/01/2023,Experience: 6 - 8 years
0,Senior Business Analyst,11/01/2023,31/01/2023,Job Location : Technopark (Trivandrum) and Infopark (Kochi)
0,Product Owner,11/01/2023,31/01/2023,Experience: 3+ years
0,Front - End Developer (Vue.JS),11/01/2023,31/01/2023,Experience : 2+ years
0,Junior-Server Admin,11/01/2023,31/01/2023, 
0,Android Lead,11/01/2023,31/01/2023,Experience : 5+ Years
0,Blog Writer (Part-time),11/01/2023,28/01/2023,Preferred skills
0,BUSINESS DEVELOPMENT EXECUTIVE,11/01/2023,31/01/2023,"RESPONSIBILITES:-
 "
0,MANAGER- Sales & Marketing,11/01/2023,31/01/2023,Preferred skills
0,Business Analyst,11/01/2023,11/02/2023,Preferred skills
0,Senior Front End Developer,11/01/2023,31/01/2023,"Looking for an UI developer responsible for the development and maintenance of UI applications. Primary focus will be the development of UI applications and their integration with back-end services. Will be working along-side other engineers and developers working on different layers of the infrastructure. Therefore, commitment to collaborative problem solving, sophisticated design, and creating quality products is essential. "
0,Node Js Developer,11/01/2023,31/01/2023,2. Job Role - Node Js Developer
0,Scrum Master,11/01/2023,31/01/2023,"We are looking for a Scrum Master to coordinate and coach our software development team as a go-to person for applying scrum to produce high-quality work.  Needless to say -  duties include managing timelines, resolving problems and coaching team members on Agile methodologies. The person needs to be based in one of our offices in India - either Calicut or Trivandrum."
0,Senior Python : Django Developer,11/01/2023,31/01/2023,Job Details
0,React.js Developer,11/01/2023,31/01/2023,Job Details
0,Software Tester,11/01/2023,31/01/2023,Key responsibilities:
0,Mobile App Developer (IOS + Android),11/01/2023,31/01/2023,Job Details
0,PHP Developer,11/01/2023,31/01/2023,Job Details
0,PHP Developer (Sr. & Jr.),11/01/2023,31/01/2023,Job Details
0,Junior Java Developer,11/01/2023,15/02/2023, 
0, , , , 
0,Angular Developer,11/01/2023,15/02/2023,Preferred skills
0,Junior Odoo Developer,11/01/2023,31/01/2023,Preferred skills
0,Team Lead Java,11/01/2023,14/02/2023,"We are looking for a Lead Java Developer with 5+ years of experience. The Team Lead will be responsible for technically leading one or more software projects through all stages of the life cycle, including responsibility for requirements capture, prototype, design, development and acceptance testing. The Incumbent will be an integral part of our Development team in developing highly dynamic and scalable multi-tier applications and demonstrate personal commitment and accountability to ensure standards are continuously maintained and improved both within the internal teams, and with partner organizations. "
0,Software Trainee - MSc/B Tech Computer Science,11/01/2023,17/02/2023,"We are looking for Computer Science graduate freshers, offering a 6-month internship those who have Good Hands-on Knowledge (via academic /hobby project) in basics of Python/Java/Android/Php/Angular/React. 2023 Pass Outs Preferred and internship could be done as a part of the project/course.2022 pass outs can apply."
0,Software Test Engineer,11/01/2023,17/02/2023,"Configure, implement, and demonstrate software products. The implementation cycle includes requirements validation, overseeing projects with specific development requirements, internal testing, and guiding clients through user acceptance to go-live status. The Software Test Engineer is also responsible for the development and delivery of training for both administrators and end-users. Document all customer interactions in designated CRM, and provide excellent customer experiences."
0,Software Internship - MCA,11/01/2023,17/02/2023,"We are looking MCA freshers, offering a 6-month internship those who have Good Hands-on Knowledge (via academic /hobby project) in basics of Python/Java/Android/Php/Angular/React. 2023 Pass Outs Preferred and internship could be done as a part of the project/course.2022 pass outs can apply."
0,Strategic Marketing Specialist,11/01/2023,15/02/2023,Preferred skills
0,Python Lead,11/01/2023,31/01/2023,Roles & Responsibilities
0,UI/UX DEVELOPER,11/01/2023,31/01/2023,Experience: 4-5 years
0,Flutter Developer,11/01/2023,31/01/2023, 
0,Lead Developer,11/01/2023,31/01/2023, 
0,Full Stack Developer,11/01/2023,31/01/2023,Preferred skills
0,Junior Database Developer,11/01/2023,31/01/2023,Preferred skills
0,Senior Engineer : Quality Assurance (Automation),11/01/2023,31/01/2023,Exp                       : 5 + years
0,Senior .Net Developer (Remote),11/01/2023,31/01/2023,Immediate Joiners preferred – Max Notice 15-20 Days
0,Oracle ADF Developer,11/01/2023,31/01/2023,Preferred skills
0,Microsoft azure and network administrator,11/01/2023,31/01/2023,Preferred skills
0,Senior Python - Django Developer,11/01/2023,15/02/2023,Requirements & Skills
0,Devops Engineer,11/01/2023,11/02/2023,Experience required : 2-4 years
0,Content Writer,11/01/2023,22/01/2023,"We are looking for a smart and creative content writer with 1-2 years of experience to write content for our Website, blogs, and other Social media platforms, email campaigns, etc.  "
0,Android Developer,11/01/2023,22/01/2023,"We are looking for an Android Developer with 3+ years of experience, who possesses a passion for pushing mobile technologies to the limits. "
0,Business Analyst II,11/01/2023,19/02/2023,Roles & Responsibilities:
0,Senior Software Engineer (RPA Developer),11/01/2023,19/02/2023,"As a Senior Software Engineer, you will have a key role in the design and implementation of complete features or new products within a scrum team. You will have the opportunity to provide guidance and mentorship to the wider team to ensure each team member understands the designs and are effectively trained in terms of the technology base and processes to be followed in the Scrum team."
0,Technical Lead-Java,10/01/2023,07/02/2023,"Travanleo is hiring a Technical Lead (Spring Boot/Hibernate) with 7 to 9 years of relevant work experience. The successful candidate will work on projects based on the Java platform and the latest technologies and closely work with multiple teams on solutions and technical guidance, problem-solving, code reviews etc. If you are enterprising, have a great attitude, and desire to succeed, you are welcome to apply for this position. Travanleo offers good benefits, an excellent work environment, and a high potential for advancement alongside experienced business leaders. "
0,Social Media Marketing Executive,10/01/2023,18/02/2023,"We are looking for an experienced, passionate, and creative Social Media Marketing Specialist to oversee our social media accounts across all platforms, create shareable text and video content, manage posts, and respond to our followers to help achieve our marketing goals. The person will be responsible for developing and implementing our Social Media strategy to increase our online presence and improve our marketing and sales efforts. "
0,Sales Executive,10/01/2023,20/01/2023,Preferred skills
0,Software Engineer -.NET / Angular,10/01/2023,10/02/2023,"The primary responsibility will be to develop the different layers of our applications, and to coordinate with the rest of the team working on different layers of the infrastructure. A commitment to collaborative problem solving, sophisticated designing, and for developing a quality product is essential."
0,Business Development Manager,10/01/2023,31/01/2023,Responsibilities Include: 
0,HR Manager,10/01/2023,31/01/2023,Preferred skills
0,Senior Business Analyst,10/01/2023,31/01/2023,Preferred skills
0,Senior Customer Support Executive,10/01/2023,31/01/2023,"Way.com is a high energy workplace. The Customer Support Executive will be responsible for providing a positive customer experience that will lead to improved customer satisfaction. Duties include, but are not limited to the following; "
0,Business Growth Specialist,10/01/2023,18/02/2023,"The Business Growth Specialist will be responsible for identifying and pursuing new business opportunities for the company. This individual will work closely with our Senior Managers to develop and implement sales strategies, as well as manage the sales process from lead generation to close."
0,Senior PHP Developer,10/01/2023,31/01/2023,Good to have
0,Data Analyst,10/01/2023,31/01/2023,"We’re hiring for Data Analyst to join our data team in Trivandrum, India. "
0,Java Developer,10/01/2023,17/02/2023,Proven working experience in Java development Java collections and data structures
0,Customer care Executive,10/01/2023,31/01/2023, 
0,AWS Devops Engineer,05/01/2023,31/01/2023,Role: AWS Devops Engineer
0,Admin Executive,10/01/2023,01/02/2023,We are looking for an admin executive who is enthusiastic and willing to learn new things along with our growing team.  
0,CREATIVE CONTENT WRITER,10/01/2023,24/01/2023,Spericorn Technology is a global software development firm aiming to impact the world through technology positively. We are curious-minded IT professionals who have been contributing to reputed organizations and open-source projects for many years globally. We welcome you to join our talented team and transform ideas into reality. 
0,Laravel Developer,10/01/2023,20/01/2023,Preferred skills
0,Junior PMO,10/01/2023,31/01/2023,Skill set
0,Java Angular Developer,10/01/2023,10/02/2023,Preferred skills
0,SQL Developer,10/01/2023,25/01/2023,"Qrech Global Solutions is a fast-growing Product Engineering and IT consulting partner to Construction, Manufacturing, Energy and Service companies.Qrech is providing a comprehensive, dynamic range of business software and services. "
0,Assistant Manager - HR and Administration,10/01/2023,10/02/2023,Preferred skills
0,Azure Cloud Engineer,10/01/2023,17/02/2023, 
0,SQL Developer,10/01/2023,31/01/2023,Preferred skills
0,Dot Net Developer,10/01/2023,31/01/2023,Preferred skills
0,QA Engineer,10/01/2023,31/01/2023,Preferred skills
0,RPA Automation Anywhere,10/01/2023,27/01/2023,"RPA Automation Anywhere_3-4Yrs_Mumbai

1. Should be aware of Pharma related processes and standards, relevant experience in pharma domain."
0,Java Developer,09/01/2023,15/02/2023,Job Description:
0,DotNet Developer,09/01/2023,16/02/2023,Brief description :
0,Senior ReactJS Developer,09/01/2023,22/01/2023, 
0,Project Manager,09/01/2023,20/01/2023,Preferred skills
0,Angular Developer,09/01/2023,14/02/2023,We are looking for a qualified Front-end developer to join our IT team. You will be responsible for building the ‘client-side’ of our web applications.
0,Telemarketing Executive,09/01/2023,23/01/2023,Preferred skills
0,Sr. Java Developer,09/01/2023,14/02/2023,"We are looking for a Senior Java Developer with 3-5 years of experience and who has a strong knowledge in delivery, development and maintenance of technology-based solutions. "
0,Team Lead/Sr. iOS Application Developer,09/01/2023,31/01/2023,Srishti Innovative is looking for Team Lead/Sr. iOS application developer to become a part of our growing team. Individual will provide his expertise to develop Mobile application with iOS platform. Interested candidates can apply directly to vishnuprasad.mv@srishtis.com with job code (SICS.TL.2013/1853) in the subject line.
0,Software Developer,09/01/2023,25/01/2023,"We are looking for a Software Developer responsible for managing back-end services and the interchange of data between the server and the users. Your primary focus will be the development of all server-side logic, definition and maintenance of the central database, and ensuring high performance and responsiveness to requests from the front-end. You will also be responsible for integrating the front-end elements built by your co-workers into the application. Therefore, a basic understanding of front-end technologies is necessary as well."
0,Senior iOS Developer,09/01/2023,31/01/2023,We are hiring Senior Developers with 3-6 years exerience in iOS Development. Interested candidates can apply directly to vishnuprasad.mv@srishtis.com with Job Code: SICS.IOS.2023/1845.
0,Flutter Developer,09/01/2023,25/01/2023,Roles and obligations:
0,Business Growth Lead,09/01/2023,09/02/2023,"Reports to: PR & Marketing Team, Director - Engineering & Operations"
0,Mechanical Design Engineer,09/01/2023,23/01/2023,"As a mechanical design engineer fresher in Genrobotics, you will be involved in designing the functional product which meets all technical requirements of the product which were set in the target setting event of the new product development process as well as to meet aesthetic & craftsmanship requirements provided by product designers. Genrobotics is seeking a Mechanical design engineer to help enable autonomous robotics applications and enhance human-Robot interactions."
0,SEO Analyst,09/01/2023,20/01/2023,We are looking for an SEO Specialist to manage all search engine optimization and marketing activities.
0,Email Marketing Specialist,09/01/2023,31/01/2023,Preferred skills
0,Java Microservices + AWS,09/01/2023,09/02/2023,The responsibilities of this position include working closely with the Scrum team to build net new features & the various teams that work with the Client Success organization to ensure consistent delivery of functionality & support the platform. The individual will take bottom line responsibility of the functional module(s) that he/she is directly responsible for & ensure consistency in deliveries.
0,End User Support Engineer,09/01/2023,08/02/2023,"At Fingent, we believe that technology can make a meaningful difference to the lives around us. The lives of those who use it, the lives of those who build it, and to society at large. We create and provide software that is beautiful, usable and compelling, to solve complex business challenges. We nurture smart people who bring out the best in themselves, their peers, and their clients."
0,Senior Test Analyst (Automation),08/01/2023,16/02/2023,Preferred skills
0,Senior Test Analyst (ETL Testing),08/01/2023,16/02/2023,Preferred skills
0,JUNIOR DEVELOPER,09/01/2023,09/02/2023,"We are looking for an enthusiastic junior software developer to join our experienced software team. You will report directly to the senior developer and assist with all functions of software coding. Your primary focus will be to learn the codebase, gather user data, and respond to requests from senior developers."
0,System Administrator,09/01/2023,31/01/2023,System Administrator responsibilities:
0,Junior Data Engineer/ Analyst,09/01/2023,31/01/2023,"- Strong mathematical or statistical skills to help collect, measure, organize and analyze data."
0,Data Engineer,09/01/2023,28/01/2023,"- Mining data from primary and secondary sources, then reorganizing said data in a format that can be easily read by either human or machine."
0,Voice Engineer,09/01/2023,31/01/2023,Job Openings: - Voice Engineer
0,Project Manager - Kochi,09/01/2023,17/02/2023,"Project Manager

We expect our candidates to have 5+ years of experience in Project management. ISO 9001/2700-2013 certified software consultants head quartered in Kochi."
0,PHP Developer,11/01/2023,21/01/2023,Required Experience (on PHP projects): 2 - 8 years
0,SEO Executives,07/01/2023,25/01/2023,We are looking for smart & efficient SEO executives for handling our inbound and abroad projects.
0,SEO Team Lead,07/01/2023,25/01/2023,We are looking for an experienced team leader for handling our abroad SEO projects and team.
0,Business Analyst,06/01/2023,13/02/2023,Responsibilities
0,Flutter Developer,06/01/2023,24/01/2023,"As a Flutter Developer, you will create multi-platform apps for iOS and Android using Google's Flutter development framework. The primary focus will be on creating new experiences. You will additionally work on innovative new app projects."
0,Business Development Executive,06/01/2023,24/01/2023,Business Development Executive - 0-1 Yr
0,Java Developer (Spring Boot),06/01/2023,10/02/2023,"Responsibilities:
 "
0,Laravel Developer,06/01/2023,24/01/2023,PHP LARAVEL DEVELOPER EXP: 1 - 2 Yrs
0,Project Manager,06/01/2023,19/01/2023,Preferred skills
0,Customer Development Specialist,06/01/2023,19/01/2023,"The role is to help customers realize maximum value from our digital healthcare products. On one hand it presents opportunities to be creative and work with people from around the globe. On the other it requires an organized, thoughtful approach to constantly evolve our customer engagement.

Responsibilities
 "
0,Digital Marketing -Campaign Executive,06/01/2023,05/02/2023,Job Description -
0,Full stack Developer,04/01/2023,06/02/2023,Designation – Full stack Developer 
0,Business Development Senior Consultant,05/01/2023,22/01/2023,Job description :
0,Accounts Executive,05/01/2023,01/02/2023,We are hiring for Accounts Executive
0,Python Developer,05/01/2023,31/01/2023,POsition :- Python - Django Developer.
0,Asp.Net Lead,05/01/2023,31/01/2023,Job Openings: - ASP .NET Lead
0,Asp.Net  Lead,05/01/2023,31/01/2023,Job Openings: - ASP .NET Lead
0,Python - Django Developer,05/01/2023,26/01/2023,Preferred skills
0,Business Analyst,05/01/2023,31/01/2023,BUSINESS ANALYST
0,ASP.NET Developer,05/01/2023,31/01/2023,Job Openings: - ASP .NET Developer
0,PHP Developer,05/01/2023,31/01/2023,Preferred skills
0,ITI Fitter,05/01/2023,19/01/2023,Fitting and fabrication of materials according to the provided design drawings for the welding department
0,Fullstack Fresher,05/01/2023,31/01/2023,Roles & Responsibilities: 
0,Technical Architect,05/01/2023,31/01/2023,Responsibilities:
0,Technical Lead,05/01/2023,31/01/2023,Responsibilities:
0,Software Engineer,05/01/2023,31/01/2023,"Software Engineer (1-3 yrs)

Roles & Responsibilities: "
0,Senior Software Engineer,05/01/2023,31/01/2023,Roles & Responsibilities: 
0,IOS Developer,05/01/2023,10/02/2023,Job Description
0,Technical Lead / Senior Software Engineer,05/01/2023,10/02/2023,Technical Lead / Senior Software Engineer
0,Requirement of an Odoo Software Developer,05/01/2023,10/02/2023,Experience: 1 to 3Years
0,Inside Sales - IT,05/01/2023,03/02/2023,Mandatory : UK/US/Europe Outbound experience 
0,SEO Manager,05/01/2023,10/02/2023,Skill Sets:-
0,Call center Executive Sales KSFE,05/01/2023,31/01/2023, 
0,Linux Admin,05/01/2023,31/01/2023,We are looking for dynamic people with top notch server administration experience to join our team. You will be involved in administration of LINUX/Windows servers.
0,Business Analyst,05/01/2023,10/02/2023,"Business Analysis - Translating business requirements into solutions by understanding needs, feasibility and impact"
0,UI/UX Engineer,04/01/2023,31/01/2023,UI/UX Designer Engineer
0,Senior Software Engineer -Dot Net,04/01/2023,10/02/2023,"What You Will Do:
 "
0,BUSINESS DEVELOPMENT MANAGER,04/01/2023,18/01/2023,Spericorn Technology is a global software development firm that aims to impact the world through technology positively. We are curious-minded IT professionals who have been contributing to reputed organisations and open-source projects for many years globally. We are happy to welcome you to join our talented team and transform ideas into reality.
0,TECHNICAL RECRUITER,04/01/2023,18/01/2023,"Spericorn Technology is a global software development firm that aims to impact the world through technology positively. We are curious-minded IT professionals who have been contributing to reputed organizations and opensource projects for many years globally. We are happy to welcome you to join our talented team and transform ideas into reality. We are looking forward to candidates who can sustain our organization's quality, commitment, and integrity. We offer services in various cutting-edge technologies, including blockchain and Artificial Intelligence. ""A team is a group of people who support each other to achieve great results, and we give utmost importance to teamwork."" We are looking for a Technical Recruiter who can add more value to our organization."
0,IT Technical support Executive,04/01/2023,10/02/2023,Designation – IT Technical Support Executive
0,Senior Software Implementation and Support Engineer,04/01/2023,11/02/2023,Designation – Senior Software Implementation and Support Engineer
0,Odoo Developer,04/01/2023,10/02/2023,Designation – Odoo Developer
0,Business Development Executive,04/01/2023,10/02/2023,Designation - Business Development Executive
0,Business Analyst,04/01/2023,10/02/2023,Designation – Business Analyst
0,Marketing Intern,04/01/2023,31/01/2023,"We are looking for a dynamic, organized self-starter to join our team at Corporate Office, Trivandrum. The incumbent will work closely with the Management, Sales and Marketing Team to provide a variety of services to our clients, employees and to the company."
0,DevOps Engineer,04/01/2023,03/02/2023,"Techvantage Analytics is a fast-growing AI services company is looking for smart and enthusiastic DevOps Engineers (1-3 years’ experience). We prefer smart engineers who can work out of our Trivandrum (Kerala) office and who will be responsible for deploying product updates, identifying production issues, and implementing integrations that meet our customers' needs. The candidate will ensure solutions are built based on Techvantage standards and that they can be deployed with the Techvantage's environment (whether in a global or local environment)."
0,PHP Laravel Developer,04/01/2023,27/01/2023,"Experience in object-oriented analysis and design, multi-tiered solutions, web technology and standard design patterns, developing web-based solutions. "
0,Senior Android Developer,04/01/2023,01/02/2023,Job Description:
0,Java Developer,04/01/2023,03/02/2023,"Techvantage Analytics is a fast-growing AI services company is looking for Java Developer. In this role, you will be responsible for analyzing user requirements and business objectives, determining application features and functionality, and recommending changes to existing Java-based applications, among other duties. The Manual tester works with the development team to debug code, correct errors, and troubleshoot any issues with software code."
0,.Net Developer,04/01/2023,03/02/2023,"Techvantage Analytics is a fast-growing AI services company is looking for .Net Developer. We are searching for an organized, ambitious .NET developer to generate software using .NET's infrastructure. The .NET developer's duties include sourcing project requirements, deciding on the most appropriate software solutions, and ensuring that developments are error-free. You should also ensure that the final products are well-presented and engaging."
0,Trainee - Software Engineer,04/01/2023,31/01/2023,Dot Net Trainee - Software Engineer
0,Odoo Developer,04/01/2023,19/01/2023,We are looking for experienced and talented Odoo Developer with 1 year of experience
0,Digital Marketing Head,03/01/2023,03/02/2023,"The Head of Digital Marketing will be in charge of overseeing all of our group companies' digital marketing, promotion, and reputation management framework."
0,UI/UX Developer,03/01/2023,10/02/2023,We are hiring UI/UX designer.
0,Data Visualization Engineer,03/01/2023,31/01/2023,Designation: Data Visualization Engineer
0,Requirements for Experienced Professionals,03/01/2023,11/02/2023,Experience: 2 to 11 Years
0,Asp.net Developer,03/01/2023,10/02/2023,"Asp.net Developer(2-4yrs of exp)

We are looking for an ASP.NET developer to be responsible for designing and monitoring applications. The responsibilities of ASP.NET developers include writing code, designing solutions for applications, and improving functionality."
0,Manual Tester,03/01/2023,31/01/2023, 
0,Business Analyst,03/01/2023,31/01/2023,•       Should have 2 Plus years of relevant experience as a Business Analyst
0,ReactJS Developer,03/01/2023,20/01/2023, 
0,Mobile Test Engineer,03/01/2023,20/01/2023,Preferred skills
0,PHP Developer,03/01/2023,19/01/2023,Laravel exposure minimum 2 years.
0,Node JS Developer,03/01/2023,31/01/2023,"A Node.js developer is responsible for writing server-side web application logic in JavaScript and/or variants of it, such as CoffeeScript, IcedCoffeeScript, etc."
0,Content Writer - Intern (Paid),03/01/2023,27/01/2023,Responsibilities
0,Mobile App Developer,03/01/2023,31/01/2023,We are looking for a  mobile app developer who has vast experience in Hybrid mobile app technologies who can involve from application architecture design to the delivery of the product
0,Business Development Executive,02/01/2023,02/02/2023,Brief description :
0,"Node Js developers, Kochi, Trivandrum and Chennai",02/01/2023,31/01/2023,"Immediate Opportunity for Angular developer, Kochi, Trivandrum and Chennai

Greetings from ThinkPalm,"
0,"Angular developer, Kochi, Trivandrum and Chennai",02/01/2023,31/01/2023,"Immediate Opportunity for Angular developer, Kochi, Trivandrum and Chennai

Greetings from ThinkPalm,"
0,"Java developers, Kochi, Trivandrum and Chennai",02/01/2023,31/01/2023,Looking for Sr. Developer / Tech Lead - Java with Microservices and cloud technologies
0,Project Manager,02/01/2023,31/01/2023,Preferred skills
0,"C++ (SE,SSE,TL,Architect,PM)",02/01/2023,31/01/2023,Preferred skills
0,".Net Developer (SE,SSE,TL,Architect, PM)",02/01/2023,31/01/2023,Preferred skills
0,Automation Tester,02/01/2023,31/01/2023,Preferred skills
0,Technology Consultant Oracle,02/01/2023,20/01/2023,"·  To support and perform trouble shooting of the existing developed applications (Forms, Reports and Interfaces)."
0,Business Analyst,02/01/2023,20/01/2023,Skills
0,QA Manager,02/01/2023,20/01/2023,Preferred skills
0,LINUX SYSTEM ADMINISTRATOR,02/01/2023,02/02/2023,"1.       Sound database knowledge of MySQL, Server, Good knowledge of LINUX, Database"
0,Project Lead,02/01/2023,20/01/2023,Preferred skills
0,Power BI Developer,02/01/2023,20/01/2023,·       To effectively coordinate with business users and technical users to customize analytical solutions to meet business needs.
0,Front End UI Developer,02/01/2023,20/01/2023,·       Minimum 2 to 5 years of experience as a UI Front End Developer.
0,Front End Developer Angular,02/01/2023,20/01/2023,1.Knowledge of Angular version 4 or later.
0,Full Stack Developer Dot Net,02/01/2023,27/01/2023,Preferred skills
0,Mobile App Developer,03/01/2023,09/02/2023,We are looking for Mobile Application Developer in building native applications in Android and cross platform applications in Flutter.
0,Flutter Developer,03/01/2023,09/02/2023,We are looking for Flutter Developer in building cross platform applications.
0,Cloud/Linux Server Administrator,03/01/2023,09/02/2023,"Reizend is seeking a Cloud/Linux Server Administrator to manage the development and production infrastructure. This position requires wide and overall knowledge in Cloud Computing Technologies and Services, Linux Administration, Containerization, Patching, Virtualization, Performance Analysis, Performance Tuning, and Networking. While their primary role is to support operations for the Cloud infrastructure and Linux/Unix on-premise systems, they will also need to collaborate with other team members to develop CI/CD pipelines."
0,Technical Sales Engineer,02/01/2023,08/02/2023,1:Identify new market opportunities via market research and initiate contact
0,MCA Internship,03/01/2023,10/02/2023,"We are looking MCA freshers, offering a 6-month internship those who have Good Hands-on Knowledge (via academic /hobby project) in basics of Python/Java/Android/Php/Angular/React. 2023 Pass Outs Preferred and internship could be done as a part of the project/course.2022 pass outs can apply."
0,Linux Server Administrator,02/01/2023,08/02/2023,"SmartHMS is seeking a Linux Server Administrator to manage the development and production infrastructure. This position requires wide and overall knowledge in Linux administration, patching, virtualization, performance analysis, performance tuning, cloud computing technologies and networking technologies. While their primary role is to support operations for the Linux/Unix and Cloud infrastructure, they will also occasionally be required to take an active role in testing applications, and diagnosis of IT problems outside their scope of responsibility."
0,Junior Linux Server Administrator,02/01/2023,08/02/2023,SmartHMS is seeking a Junior Linux Server Administrator to manage the development and production infrastructure. This position requires Basic Linux administrator knowledge.
0,PHP Developer - Fresher,02/01/2023,08/02/2023,"We are looking for Fresher PHP developers who is dedicated to his craft, writes code that is proud of and can hit the ground running. You will be a part of a creative team that is responsible for all aspects of the ongoing application development from the initial specification, through to developing, bug fix and launching."
0,Research Analyst,02/01/2023,31/01/2023,Responsibilities
0,Business Development Executive-Immediate Hiring,02/01/2023,20/01/2023,Experience- 2+ Years
0,Business Development Trainee,02/01/2023,31/01/2023,We are looking for a Business Development Trainee 
0,Hardware Engineer,02/01/2023,31/01/2023,"Are you passionate about technologies and building cool devices? Embright Infotech is a growing startup company focused on VR, AR and other Industry 4.0 standards. We are looking for energetic and passionate people to work in the team. The candidate must be a highly motivated, self-starter with good communication skills who will thrive in this cutting-edge technical environment and can do Research and Development. This is an excellent opportunity for a motivated engineer with passion for quality and integrated experiences to thrive in a team environment. "
0,Unity/Unreal Game Developer,02/01/2023,31/01/2023,"We are seeking a developer responsible for building games for various target platforms based on the Unity framework.Your primary responsibilities will be to implement game functionality translating design ideas,concepts and requirements into a functional and engaging game. "
0,HR,02/01/2023,20/01/2023,Roles and Responsibilities
0,Product Coordinator & Analyst,02/01/2023,31/01/2023,"At Fingent, we believe that what we build touches the lives around us. We use technology to create a better and smarter environment. We nurture thought leaders and encourage them to be the seeds of change through smart software development and consulting services. Our commitment to quality and integrity helps us to use technology and create a better and smarter future.

Skill Sets :
Proficiency in English.
Excellent oral and written communication skills.
Good interpersonal and team working skills with a passion to learn.
Detail-oriented with good attention to detail.
Customer-oriented and cool-tempered, ability to engage and connect with customers, have meaningful conversations, and nurture the relationship.
Programming/technical experience or good understanding of technology.
Experience in handling presentations and demos to customers/stakeholders.
Experience in collaborating and closely working with Development/Engineering teams.
Strong problem-solving and analytical skills. An interest in producing creative solutions.
Ability to manage multiple competing priorities in a fast-paced environment and deliver results.
Knowledge or exposure to Business Management will be an added advantage.

Roles & Responsibilities :
Product Expertise: Develop a sound knowledge of a complex and evolving software product; be well versed in all its features and capabilities. Ability to manage product demonstrations to internal/external audiences when required.
Requirements Detailing and Documentation: Conceptualize user scenarios, and capture these as workflows and wireframes. Define business use cases and success criteria for new features.
Product Coordination & Sprint Execution: Planning, Tracking, Execution, and Delivery of Sprints. Support and collaborate with the Engineering team in Product Backlog Grooming, Feature discussions, Mockup Reviews, UAT.
User Experience Research: Interview existing customers and/or potential users to get their feedback on the product. Collaborate with the Customer Support Team to gather customer insights and guide them on feature-related queries when required.
Inter-Department Coordination: Coordination and close collaboration with other internal product teams. Enable product upgrades and feature releases by liaising with Product Marketing, Sales, and Customer Support teams. Work closely with the Development team to understand how features are implemented.

More Information:"
0,Power BI Developer,02/01/2023,31/01/2023,"At Fingent, we believe that technology can make a meaningful difference to the lives around us. The lives of those who use it, the lives of those who build it and to society at large. We create and provide software which is beautiful, usable and compelling, to solve complex business challenges. We nurture smart people who bring out the best in themselves, their peers and their clients.

Skill Set:

3 to 4 years of experience working with a self-service tool, preferably Power BI.
Experience of in data preparation, data gateway and data warehousing projects.
Should be experienced and familiar with other Business Intelligence analytical tools, such as SSRS, SSAS, and SSIS.
Must have experience in JavaScript and SQL Scripting.
Should be familiar in Ms SQL Server.
Must have experience with Business intelligence tools like Power BI.
Writing DAX expressions/queries BI stack knowledge, data analytics, and software development skills.
Dashboard making, creating reports, datasets analysing, and organization of the BI tools.
Familiarity with JavaScript, CSS, and other JavaScript libraries.

Roles and Responsibilities:


Building and maintaining analysis service report models.
Using Power BI Desktop for developing dashboards, visual reports, and key performance indicator (KPI) scorecards.
Extracting various data sources and connecting, importing, and transforming data for Business Intelligence.
Implementing row-level security on data.
Should be capable of understanding the application security layer model.
Must be capable of handling project documentation and design methodology.
Scheduling, developing, and publishing Power BI reports as per requirements.
Proficient in creating Data Analysis Expression (DAX) queries in Power BI Desktop.
Should be capable of developing multidimensional models that are compatible with warehouse standards.
Must be capable of understanding business requirements and data models while taking care of the sources.
Proficient in prototyping, designing, and requirement analysis.
Should have good knowledge of secondary tools, such as SQL Data Warehouse, Azure, Visual Studio, PolyBase, etc.
Implementing advanced-level calculations on datasets.
Understanding data with filters and graphs makes things easier.
Working with team members for the overall growth of the organization.

More Information:

Experience: 3-4 Years
Work Location: Kochi"
0,Product Designer,02/01/2023,10/02/2023,"At Fingent, we believe that technology can make a meaningful difference to the lives around us. The lives of those who use it, the lives of those who build it and to society at large. We create and provide software which is beautiful, usable and compelling, to solve complex business challenges. We nurture smart people who bring out the best in themselves, their peers and their clients."
0,Team Lead- Python,02/01/2023,10/02/2023,"At Fingent, we believe that technology can make a meaningful difference to the lives around us. The lives of those who use it, the lives of those who build it and to society at large. We create and provide software, which is beautiful, usable, and compelling, to solve complex business challenges. We nurture smart people who bring out the best in themselves, their peers, and their clients."
0,Mixed Reality UI Designer,02/01/2023,10/02/2023,"At Fingent, we believe that technology can make a meaningful difference to the lives around us. The lives of those who use it, the lives of those who build it and to society at large. We create and provide software which is beautiful, usable and compelling, to solve complex business challenges. We nurture smart people who bring out the best in themselves, their peers, and their clients."
0,AR/VR Developer,02/01/2023,10/02/2023,"At Fingent, we believe that technology can make a meaningful difference in the lives around us. The lives of those who use it, the lives of those who build it, and to society at large. We create and provide software that is beautiful, usable and compelling, to solve complex business challenges. We nurture smart people who bring out the best in themselves, their peers, and their clients."
0,Accounts Executive,02/01/2023,31/01/2023,Preferred skills
0,Tech Lead,02/01/2023,29/01/2023,
0, , , , 
0,DOT NET CORE DEVELOPER,02/01/2023,31/01/2023,Preferred skills
0,Data Scientist,02/01/2023,31/01/2023,Roles and Responsibilities  
0,Java Developer,02/01/2023,23/01/2023,Preferred skills
0,Manager - Business Development,02/01/2023,31/01/2023,"At Fingent, we believe that technology can make a meaningful difference to the lives around us. The lives of those who use it, the lives of those who build it and to society at large. We create and provide software, which is beautiful, usable, and compelling, to solve complex business challenges. We nurture smart people who bring out the best in themselves, their peers, and their clients."
0,PHP DEVELOPER,02/01/2023,02/02/2023,"1.     Good knowledge of PHP, MySQL, JavaScript, JQuery, AJAX, JSON ,XML and Bootstrap etc"
0,Software Tester,02/01/2023,20/01/2023,We are hiring Software Testers with experience of 1 year and above.
0,Senior Software Test Engineer,02/01/2023,23/01/2023,"Monitoring testing activities to ensure the quality and functionality of assigned systems; ensuring timely and accurate test communication with Development Leads,Project Manager and Senior Management throughout the project life-cycle."
0,Software Developer(Asp.net),30/12/2022,30/01/2023,"OUR CLIENT – LEADING SOFTWARE SOLUTION PROVIDER BASED IN MIDDLE EAST HAVING OPERATION IN VARIOUS COUNTRIES REQUIRES  SOFTWARE ENGINEERS. IDEAL CANDIDATE SHOULD HAVE RELEVENT PRIOR EXPERIENCE IN THE FIELD. EXPOSURE TO BANKING, REMITTANCE AND PAYMENT SYSTEMS WILL BE DESIRABLE."
0,SAS Developer (Python),30/12/2022,30/01/2023,"Roles & Responsibilities:

·        Perform data manipulation techniques and advanced techniques (arrays, transpositions, complex merges, SQL, SDTM etc.) and generic macro use and development to enable listing, table and graph generation.
·        Analyze information and develop innovative solutions to programming and data analysis challenges
·        Efficiently produce quality results under time constraints
·        Successfully coordinate multiple priorities
·        Complete assigned tasks within known budget constraints
·        Work independently to carry out assignments with occasional support from senior management
·        Ensure the efficiency, quality, and integrity of data reporting and project activities executed
·        Actively adapt and adjust priorities to ensure timely and quality completion of assigned tasks
·        Contribute to on-going improvement of programming processes and methodology
·        Perform other related duties as required by the Department."
0,Chief Technology Officer (CTO)- Full Stack Development,29/12/2022,31/01/2023,"- To provide strong engineering leadership, thoughtful contribution to the architectural roadmap and help build the engineering team for the company.

- To roll-up your sleeves and dig-into architecture, design and coding as and when required by the team.

- To Mentor, Motivate and Manage a highly technical team of engineers, inspire them to follow the best practices and empower them to continuously learn, innovate and meaningfully contribute

- To collaborate with every function in the company without boundaries, build the big picture technology vision and help broaden the visibility of engineers' innovations through right solutions for meaningful problems

- Implement an API-first approach towards the platform

- Help successfully deliver test driven, highly scalable collaboration micro services in the cloud with CICD and Agile Methodologies using one or more of below technologies

- Programming Languages Java, Node.JS CICD & Cloud Technologies, PHP, Python, UI Technologies like React JS, JQuery, Javascript , CSS

- To Guide the careers of engineers, help them grow to their full potential, hire great talent with the right fit for the team and help the India site grow

- Work Experience: 10+ years with last 3 years into Engineering Leadership role in IT industry"
0,Quality Engineer,29/12/2022,31/01/2023,1. 5+ year old resource with experience in Manual testing 
0,"Associate, Business Development - ABD28092201",29/12/2022,29/01/2023,"Job Description – Associate, Business Development: We are looking for a Business Development professional who will help identify, manage, write and win web and mobile application development contracts that are part of the client's digital transformation initiatives."
0,DOT NET DEVELOPER- LEAD,29/12/2022,31/01/2023,Roles and responsibilities
0,DOT NET DEVELOPER,29/12/2022,30/01/2023,"Roles & Responsibilities

• Translate application storyboards and use cases into functional applications
• Design, build, and maintain efficient, reusable, and reliable code
• Ensure the best possible performance, quality, and responsiveness of applications
• Identify bottlenecks and bugs, and devise solutions to mitigate and address these issues
• Help maintain code quality, organization, and automatization
• Must be a good team player who can work effectively under pressure
• Must have effective communication skills and should have an adaptability to any new technologies"
0,Junior HR Executive,29/12/2022,31/01/2023,Preferred skills
0,Oracle DBA,29/12/2022,06/02/2023,Experience : 2 to 5 Years
0,Wordpress,29/12/2022,06/02/2023,Experience : 2 – 4 years
0,Dot Net Developers,29/12/2022,06/02/2023,Experience: 3 – 5 years
0,Java Developers,29/12/2022,06/02/2023,Urgent Opening for Java at Technopark Trivandrum 
0,Senior Quality Automation Engineer,29/12/2022,31/01/2023,Senior Quality Automation Engineer
0,iOS Developer,28/12/2022,20/01/2023,Need candidate who is proficient in iOS App development.
0,UI/UX Designer cum Developer,28/12/2022,20/01/2023,Design and development UI components and layouts that fit as per the client requirements.
0,ASP. NET DEVELOPERS,28/12/2022,20/01/2023,"We are currently looking for experienced Software Developers to join our growing team of developers in order to achieve the above goals. The incumbent should have good experience in ERP development, Web application, and UI and UX designs. SQL, Performance testing, multi-Tenant application development, C#, Dot Net."
0,JAVA Developer- Team Lead,28/12/2022,31/01/2023,"Ability to troubleshoot and debug, employ the latest technology to rebuild the legacy apps"
0,FLUTTER Developer,28/12/2022,31/01/2023,"Design and develop high-volume, low-latency applications for mission-critical systems and delivering high availability and performance. Create well-designed, testable, efficient code. Participate in all phases of the development life-cycle."
0,UI Developer,28/12/2022,28/01/2023,"UI Developer-UI26102201

About the job"
0,Quant Analyst,27/12/2022,03/02/2023,Mandatory skills
0,Design & Quality Manager,27/12/2022,03/02/2023,Skills / Qualifications
0,Sr. Application Developer,27/12/2022,03/02/2023,Mandatory skills
0,React Developer,27/12/2022,20/01/2023,Mandatory skills
0,Associate Process Trainer,27/12/2022,18/01/2023,·         We are looking for an experienced Process Trainer who can be with us for the continuous improvement of our process by ensuring that quality is met as per the requirements and thereby increasing customer satisfaction.
0,HTML/CSS - Support Specialist,27/12/2022,21/01/2023,Preferred skills
0,Technical Consultant for Banking Domain,27/12/2022,31/01/2023,Preferred skills
0, , , , 
0,Jr. Android Developer,27/12/2022,31/01/2023,Preferred skills
0,SALES DEVELOPMENT REPRESENTATIVE,27/12/2022,31/01/2023,Prospecting & Market research on enterprise accounts to generate leads from Healthcare Industries across APAC and GCC regions.
0,Digital Marketing specialist (Min exp-3+years of Exp),26/12/2022,27/01/2023,"We are looking for a Digital Marketing Specialist to develop, implement, track and optimize our digital marketing campaigns across all digital channels."
0,Digital Marketing specialist,26/12/2022,27/01/2023,"Digital Marketing specialist (Min exp-3+years of Exp) 

We are looking for a Digital Marketing Specialist to develop, implement, track and optimize our digital marketing campaigns across all digital channels."
0,Application Developer (Oracle EBS),23/12/2022,27/01/2023,Mandatory skills:
0,Market Risk,23/12/2022,27/01/2023,"Mandatory skills:
 • Advanced degree in a quantitative discipline (preferably Mathematics/Applied Math, Engineering, Quant Finance or Physics)
• General knowledge of stochastic calculus, derivatives pricing theory across one or more asset classes (IR/FX/Credit/Equity), traded products and market/credit risk
• Minimum 1-3 years of Financial Services experience performing one of the following: model validation, model development, risk management or related fields
• Strong oral communication and technical writing skills Preferred
• Understanding of SR 11-7 guidance on model risk management
• Familiarity with vendor pricing platforms such as MUREX, NUMERIX, Bloomberg etc
• Strong programming and database skills, including"
0,Python/Pyspark/Scala,23/12/2022,27/01/2023,Mandatory skills:
0,Python Big Data Engineer : Market Risk,23/12/2022,27/01/2023,Mandatory skills:
0, , , , 
0,Test & Implementation Engineer,24/12/2022,27/01/2023,"Configure, implement, and demonstrate software products. The implementation cycle includes requirements validation, overseeing projects with specific development requirements, internal testing, and guiding clients through user acceptance to go-live status. The Test and Implementation Engineer is also responsible for the development and delivery of training for both administrators and end-users. Document all customer interactions in designated CRM, and provide excellent customer experiences."
0,Android Developer,24/12/2022,27/01/2023,"We are looking for Android developers who is dedicated to his craft, writes code that is proud of and can hit the ground running. You will be a part of a creative team that is responsible for all aspects of the ongoing application development from the initial specification, through to developing, bug fix and launching."
0,Python Developer,24/12/2022,27/01/2023,"We are looking for Python developers who is dedicated to his craft, writes code that is proud of and can hit the ground running. You will be a part of a creative team that is responsible for all aspects of the ongoing application development from the initial specification, through to developing, bug fix and launching."
0,PHP Developers(Min-2-4years),23/12/2022,23/01/2023,"We are looking for a PHP Developer who is dedicated to the craft, writes code that they are proud of, and can hit the ground running."
0,Senior SAP FIORI & UI5 Developer,23/12/2022,27/01/2023, FIORI - UI
0,SAP BO/BI Developer,23/12/2022,27/01/2023,Strong communication and client interfacing skills
0,BW on Hana Developer,23/12/2022,27/01/2023,Strong communication and client interfacing skills
0,Angular Js Developer,23/12/2022,23/01/2023,"Looking for a talented Programmer that has a proven track record and a passion for developing web and mobile solutions (apps). The role will be responsible for the development of a new generation of Web and Mobile applications (hybrid solutions) that better meet the demands of a scalable SaaS product housed within AWS. You have previous working experience on any Javascript framework. Your work will be managed under an Agile Sprint process involving Product Managers, Product Owners, QA Engineers, and Engineering managers. "
0,React.js developer,23/12/2022,23/01/2023,"We are looking for a great React.js developer. Your primary focus will be on developing user interface components and implementing them following well-known React.js workflows (such as Flux or Redux). You will ensure that these components and the overall application are robust and easy to maintain. You will coordinate with the rest of the team working on different layers of the infrastructure. Therefore, a commitment to collaborative problem-solving, sophisticated design, and quality products is important."
0,UI/UX Designer,23/12/2022,27/01/2023,"UI/UX Designer - Experienced 

We are looking for an experienced and ambitious UI/UX Designer to turn our software into easy-to-use products for our clients. UI/UX Designer responsibilities include gathering user requirements, designing graphic elements, building navigation components and understand the need, to achieve a balance between innovation and the most appropriate solution for our clients."
0,Quality Assurance Engineer,23/12/2022,27/01/2023,"Configure, implement, and demonstrate software products. The implementation cycle includes requirements validation, overseeing projects with specific development requirements, internal testing, and guiding clients through user acceptance to go-live status. The Quality Assurance Engineer is also responsible for the development and delivery of training for both administrators and end-users. Document all customer interactions in designated CRM, and provide excellent customer experiences."
0,PHP Developer,23/12/2022,27/01/2023,"We are looking for PHP developers who is dedicated to his craft, writes code that is proud of and can hit the ground running. You will be a part of a creative team that is responsible for all aspects of the ongoing application development from the initial specification, through to developing, bug fix and launching."
0,Software Engineer - PHP,22/12/2022,29/01/2023,"Please share your resume to priyanka@q-devengine.com.

In addition to the offer of employment, promising profiles will get joning bonus too."
0,Automation Test Engineer,22/12/2022,22/01/2023,Preferred skills
0,SENIOR ENGINEER DATA AND ANALYTICS,22/12/2022,25/01/2023,POSITION SUMMARY: 
0,Fullstack Developer (Dotnet+Angular),21/12/2022,23/01/2023,"3- 9 years of software development experience Proficient in C#.Net, .NET Core Experience with HTML, JavaScript and web development frameworks (Angular, Type Script, Node.js, jQuery) Proven experience with software design and OOD methodologies Familiarity with Relational Databases and SQL Experience with Web services development (SOAP, REST), .Net Microservices. Strong in Object Oriented Programming, MVC, Design patterns and SOLID principles Skills needed: .NET Core, Angular 6+, C#.Net, Type Script, Node.js, jQuery, Web services"
0,Sr Java Developer,21/12/2022,23/01/2023,"•Experience in developing RESTful micro-services, integration tests, handling low latency apps. •Must have knowledge in Spring Boot, Spring cloud concepts, Swagger (for document auto generation), Open API specifications •Knowledge in Rest JSON API development, PostgreSQL, MongoDB, Docker, Java 11 or 13 •Must have experience in React, AWS / Cloud concepts, GraphQL & Kubernetes."
0,DotNet Developer,21/12/2022,23/01/2023,".Net web Framework (Core and. Net) Proficiency in C# Asp.Net MVC Web API and REST Concepts Entity Framework or any other ORM Framework Javascript and Jquery SQL Server, Oracle HTML5,CSS, Knockout, Require JS Angular and React Js can be added as an advantage Education & Experience Bachelors/Master's degree or equivalent education and experience. Possess flexibility and adaptability to meet the working environment"
0,Content Specialist,21/12/2022,27/01/2023,"We are looking for a content specialist who can create content for an e-learning and social media platforms using domain researches and collaborations. As a content specialist you would be responsible for creating content strategies, research trending topics, and write content for video logs which will be published in the proprietary digital platform. You will be required to perform quality control via, review & editing for all written content material for language, grammar as well as proper contextualization and articulation."
0,Social Media Strategist,21/12/2022,27/01/2023,"We are looking for a social media specialist who can help drive the social media activities and campaigns. As a social media specialist, you’d be responsible to develop, execute and measure the performance of the social media campaigns. Increase the organizations’ social media engagement, create strategies and drive web traffic which improves the marketing and sales efforts."
0,Software Sales Executive,21/12/2022,27/01/2023,1:Identify new market opportunities via market research and initiate contact
0,Business Development Officer,21/12/2022,27/01/2023,1:Identify new market opportunities via market research and initiate contact
0,GIS Trainee-Fresher/Experienced,21/12/2022,23/01/2023,Weare looking for GIS Trainee
0,Senior ReactJS Developer,21/12/2022,26/01/2023,"Technical Skills:

Strong proficiency in JavaScript, object model, DOM manipulation and event handlers, data structures, algorithms, JSX
Complete understanding of ReactJS and its main fundamentals like JSX, Virtual DOM, component lifecycle, etc.
Preceding experience with ReactJS workflows like Flux, Redux, Create React App, data structure libraries
Understanding of RESTful APIs/GraphQL, HTML/CSS, ES6 (variables and scoping, array methods), code versioning tools like GIT, SVN, etc., popular frontend development tools, CI/CD tools, performance testing frameworks like Mocha, Node + NPM
Technical:

Leverage the inbuilt React toolkit for creating frontend features
Create data visualization tools, libraries, and reusable code for prospects
Integrate designs and wireframes within the application code
Monitor interaction of users and convert them into insightful information
Write application interface code with JavaScript
Enhance application performance with constant monitoring
Translate wireframes and designs into good quality code
Optimize components to work seamlessly across different browsers and devices
Good understanding of CSS libraries, GIT, figma, Adobe XD etc.
Proper user information authentication
Develop responsive web-based UI
Non-Technical:

Constant interaction with other developer teams and design team to discuss UI ideas
A thorough review of applications needs and interfacing elements
Follow proper documentation for changes in application and further updates"
0,Graphic Developer,20/12/2022,20/01/2023,Job Description:
0,SQL Developer,19/12/2022,25/01/2023,"We are looking for a SQL developer who will be responsible for designing databases and ensuring their stability, reliability, and performance. You will also work with other developers optimizing in-application SQL statements as necessary, and establishing best practices. You will help solve all database usage issues and come up with ideas and advice that can help avoid such problems in the future."
0,Flutter Developer,17/12/2022,25/01/2023,Thought Ripples is a software consulting service provider that collaborates with prominent government and private organisations to assist them in transforming ideas into profitable products that are prospective across the world. We are dedicated to doing business with honesty and working towards a more secure and sustainable society.
0,Android Developer,17/12/2022,25/01/2023,Thought Ripples is a software consulting service provider that collaborates with prominent government and private organisations to assist them in transforming ideas into profitable products that are prospective across the world. We are dedicated to doing business with honesty and working towards a more secure and sustainable society.
0,HR IT Recruiter,16/12/2022,20/01/2023,Requirements
0,BIM Coordinator,15/12/2022,20/01/2023,Preferred skills
